age,gender,glucose,blood_pressure,smoker
0.8400000000000001,1.0,0.5887850467289719,0.5714285714285712,1.0
0.08000000000000007,0.5,0.0,0.14285714285714324,0.0
0.7200000000000002,1.0,0.9158878504672896,0.0,1.0
0.16000000000000014,0.5,0.03738317757009346,0.14285714285714324,0.0
1.0000000000000002,1.0,0.9999999999999998,1.0,1.0
0.4666666666666668,0.0,0.3271028037383177,0.4285714285714288,0.0
0.0,0.5,0.47819314641744537,0.2857142857142856,0.0
